municipio_cod,qtde_vitimas,populacao,taxa_feminicidio_por_100k_hab,taxa_feminicidio_normalizada
3100104,0,6235,0.000,0.000
3100203,0,22492,0.000,0.000
3100302,0,13882,0.000,0.000
3100401,0,3920,0.000,0.000
3100500,0,9229,0.000,0.000
3100609,0,12390,0.000,0.000
3100708,0,2085,0.000,0.000
3100807,0,4362,0.000,0.000
3100906,1,18430,5.426,0.087
3101003,0,14026,0.000,0.000
3101102,0,24934,0.000,0.000
3101201,0,6225,0.000,0.000
3101300,0,2646,0.000,0.000
3101409,0,2941,0.000,0.000
3101508,1,30608,3.267,0.052
3101607,3,79175,3.789,0.061
3101631,0,6938,0.000,0.000
3101706,1,39915,2.505,0.040
3101805,0,6403,0.000,0.000
3101904,0,17883,0.000,0.000
3102001,0,13697,0.000,0.000
3102050,0,5796,0.000,0.000
3102100,0,10894,0.000,0.000
3102209,0,3858,0.000,0.000
3102308,0,15178,0.000,0.000
3102407,0,4065,0.000,0.000
3102506,0,4472,0.000,0.000
3102605,1,40522,2.468,0.040
3102704,3,9020,33.259,0.534
3102803,0,11730,0.000,0.000
3102852,1,7730,12.937,0.208
3102902,0,11095,0.000,0.000
3103009,0,9248,0.000,0.000
3103108,0,1537,0.000,0.000
3103207,0,2174,0.000,0.000
3103306,0,1804,0.000,0.000
3103405,2,34807,5.746,0.092
3103504,1,121424,0.824,0.013
3103603,0,2916,0.000,0.000
3103702,0,8048,0.000,0.000
3103751,1,8543,11.705,0.188
3103801,0,2621,0.000,0.000
3103900,0,9192,0.000,0.000
3104007,2,116561,1.716,0.028
3104106,0,9278,0.000,0.000
3104205,1,41635,2.402,0.039
3104304,0,13752,0.000,0.000
3104403,0,2717,0.000,0.000
3104452,0,4721,0.000,0.000
3104502,0,18526,0.000,0.000
3104601,0,14239,0.000,0.000
3104700,0,13744,0.000,0.000
3104809,0,4507,0.000,0.000
3104908,0,18261,0.000,0.000
3105004,0,7336,0.000,0.000
3105103,0,23545,0.000,0.000
3105202,0,4606,0.000,0.000
3105301,2,5968,33.512,0.538
3105400,0,30643,0.000,0.000
3105509,0,4965,0.000,0.000
3105608,0,122894,0.000,0.000
3105707,0,5678,0.000,0.000
3105905,0,19802,0.000,0.000
3106002,0,9505,0.000,0.000
3106101,0,2905,0.000,0.000
3106200,40,2392678,1.672,0.027
3106309,0,22149,0.000,0.000
3106408,0,8632,0.000,0.000
3106507,0,9615,0.000,0.000
3106606,0,4457,0.000,0.000
3106655,0,4191,0.000,0.000
3106705,7,428956,1.632,0.026
3106804,0,3357,0.000,0.000
3106903,0,13935,0.000,0.000
3107000,0,2356,0.000,0.000
3107109,0,41060,0.000,0.000
3107208,0,5316,0.000,0.000
3107307,1,50185,1.993,0.032
3107406,1,53750,1.860,0.030
3107505,0,6771,0.000,0.000
3107604,0,4479,0.000,0.000
3107703,0,5592,0.000,0.000
3107802,1,14668,6.818,0.109
3107901,0,12645,0.000,0.000
3108008,0,18045,0.000,0.000
3108107,1,7377,13.556,0.218
3108206,0,5729,0.000,0.000
3108255,0,9917,0.000,0.000
3108305,0,17581,0.000,0.000
3108404,0,14703,0.000,0.000
3108503,0,5760,0.000,0.000
3108552,2,14696,13.609,0.218
3108602,0,31246,0.000,0.000
3108701,0,4258,0.000,0.000
3108800,0,4443,0.000,0.000
3108909,0,13981,0.000,0.000
3109006,3,38640,7.764,0.125
3109105,0,10761,0.000,0.000
3109204,1,9058,11.040,0.177
3109253,0,4041,0.000,0.000
3109303,0,25223,0.000,0.000
3109402,1,23687,4.222,0.068
3109451,0,6485,0.000,0.000
3109501,0,11276,0.000,0.000
3109600,0,3707,0.000,0.000
3109709,0,11759,0.000,0.000
3109808,0,2310,0.000,0.000
3109907,0,11425,0.000,0.000
3110004,2,39578,5.053,0.081
3110103,0,5307,0.000,0.000
3110202,0,4080,0.000,0.000
3110301,0,15082,0.000,0.000
3110400,0,3028,0.000,0.000
3110509,0,27942,0.000,0.000
3110608,0,29584,0.000,0.000
3110707,0,12309,0.000,0.000
3110806,0,2737,0.000,0.000
3110905,1,15856,6.307,0.101
3111002,1,21585,4.633,0.074
3111101,0,17817,0.000,0.000
3111150,1,3615,27.663,0.444
3111200,1,52318,1.911,0.031
3111309,1,11268,8.875,0.142
3111408,0,8181,0.000,0.000
3111507,0,13359,0.000,0.000
3111606,0,25972,0.000,0.000
3111705,0,4715,0.000,0.000
3111804,0,9844,0.000,0.000
3111903,0,5272,0.000,0.000
3112000,0,14017,0.000,0.000
3112059,0,3937,0.000,0.000
3112109,0,4978,0.000,0.000
3112208,0,4369,0.000,0.000
3112307,3,39472,7.600,0.122
3112406,0,6473,0.000,0.000
3112505,0,10706,0.000,0.000
3112604,0,14392,0.000,0.000
3112653,0,4483,0.000,0.000
3112703,0,14633,0.000,0.000
3112802,0,9794,0.000,0.000
3112901,0,8976,0.000,0.000
3113008,0,19251,0.000,0.000
3113107,0,2937,0.000,0.000
3113206,0,23826,0.000,0.000
3113305,1,30778,3.249,0.052
3113404,3,88311,3.397,0.055
3113503,1,8480,11.792,0.189
3113602,0,6739,0.000,0.000
3113701,0,18531,0.000,0.000
3113800,0,2614,0.000,0.000
3113909,0,11537,0.000,0.000
3114006,0,10940,0.000,0.000
3114105,0,13286,0.000,0.000
3114204,2,23374,8.557,0.137
3114303,1,28883,3.462,0.056
3114402,0,20725,0.000,0.000
3114501,0,17596,0.000,0.000
3114550,0,9401,0.000,0.000
3114600,0,4049,0.000,0.000
3114709,0,3333,0.000,0.000
3114808,0,4374,0.000,0.000
3114907,0,2210,0.000,0.000
3115003,0,2705,0.000,0.000
3115102,0,16923,0.000,0.000
3115201,0,3588,0.000,0.000
3115300,2,68214,2.932,0.047
3115359,0,5486,0.000,0.000
3115409,0,2918,0.000,0.000
3115458,0,7035,0.000,0.000
3115474,0,4730,0.000,0.000
3115508,0,21011,0.000,0.000
3115607,0,1072,0.000,0.000
3115706,0,6149,0.000,0.000
3115805,0,10207,0.000,0.000
3115904,0,3092,0.000,0.000
3116001,0,6079,0.000,0.000
3116100,0,9913,0.000,0.000
3116159,1,12237,8.172,0.131
3116209,0,2800,0.000,0.000
3116308,0,5623,0.000,0.000
3116407,0,4658,0.000,0.000
3116506,0,7011,0.000,0.000
3116605,0,31388,0.000,0.000
3116704,0,7078,0.000,0.000
3116803,0,8072,0.000,0.000
3116902,0,2708,0.000,0.000
3117009,0,6681,0.000,0.000
3117108,0,10408,0.000,0.000
3117207,0,2752,0.000,0.000
3117306,2,26423,7.569,0.121
3117405,1,4366,22.904,0.367
3117504,0,23345,0.000,0.000
3117603,1,5303,18.857,0.303
3117702,0,12495,0.000,0.000
3117801,0,10774,0.000,0.000
3117836,0,7246,0.000,0.000
3117876,0,7428,0.000,0.000
3117900,0,10969,0.000,0.000
3118007,1,55562,1.800,0.029
3118106,0,4830,0.000,0.000
3118205,0,6679,0.000,0.000
3118304,0,134537,0.000,0.000
3118403,0,19998,0.000,0.000
3118502,0,1552,0.000,0.000
3118601,10,615621,1.624,0.026
3118700,0,9002,0.000,0.000
3118809,2,24951,8.016,0.129
3118908,0,7548,0.000,0.000
3119005,0,3208,0.000,0.000
3119104,0,22992,0.000,0.000
3119203,0,10870,0.000,0.000
3119302,0,29233,0.000,0.000
3119401,0,96621,0.000,0.000
3119500,1,8128,12.303,0.197
3119609,0,2702,0.000,0.000
3119708,0,3474,0.000,0.000
3119807,0,3304,0.000,0.000
3119906,0,4263,0.000,0.000
3119955,0,6105,0.000,0.000
3120003,0,2876,0.000,0.000
3120102,0,4217,0.000,0.000
3120151,0,4979,0.000,0.000
3120201,0,12184,0.000,0.000
3120300,0,4977,0.000,0.000
3120409,0,4671,0.000,0.000
3120508,0,10379,0.000,0.000
3120607,0,5779,0.000,0.000
3120706,0,3492,0.000,0.000
3120805,0,15223,0.000,0.000
3120839,0,3963,0.000,0.000
3120870,0,7406,0.000,0.000
3120904,1,82335,1.215,0.019
3121001,0,5459,0.000,0.000
3121100,0,7820,0.000,0.000
3121209,0,8343,0.000,0.000
3121258,0,9852,0.000,0.000
3121308,0,4917,0.000,0.000
3121407,0,7633,0.000,0.000
3121506,0,2997,0.000,0.000
3121605,0,47798,0.000,0.000
3121704,0,3548,0.000,0.000
3121803,0,7010,0.000,0.000
3121902,0,4190,0.000,0.000
3122009,0,20705,0.000,0.000
3122108,0,4128,0.000,0.000
3122207,0,6457,0.000,0.000
3122306,4,248581,1.609,0.026
3122355,0,6321,0.000,0.000
3122405,0,5791,0.000,0.000
3122454,0,10206,0.000,0.000
3122470,0,3698,0.000,0.000
3122504,0,4904,0.000,0.000
3122603,0,4920,0.000,0.000
3122702,0,4991,0.000,0.000
3122801,0,3095,0.000,0.000
3122900,0,6122,0.000,0.000
3123007,0,9956,0.000,0.000
3123106,0,4984,0.000,0.000
3123205,0,12534,0.000,0.000
3123304,0,4988,0.000,0.000
3123403,0,1378,0.000,0.000
3123502,0,1779,0.000,0.000
3123528,0,7832,0.000,0.000
3123601,1,26283,3.805,0.061
3123700,0,13629,0.000,0.000
3123809,0,6318,0.000,0.000
3123858,0,4862,0.000,0.000
3123908,0,14952,0.000,0.000
3124005,0,20028,0.000,0.000
3124104,3,102608,2.924,0.047
3124203,0,24081,0.000,0.000
3124302,1,29650,3.373,0.054
3124401,0,5832,0.000,0.000
3124500,0,11520,0.000,0.000
3124609,0,2142,0.000,0.000
3124708,0,2764,0.000,0.000
3124807,1,6717,14.888,0.239
3124906,1,10805,9.255,0.148
3125002,0,3863,0.000,0.000
3125101,0,53520,0.000,0.000
3125200,0,2542,0.000,0.000
3125309,2,3209,62.325,1.000
3125408,0,5126,0.000,0.000
3125507,0,3035,0.000,0.000
3125606,0,6424,0.000,0.000
3125705,0,14084,0.000,0.000
3125804,0,2653,0.000,0.000
3125903,1,9210,10.858,0.174
3125952,0,10452,0.000,0.000
3126000,0,8201,0.000,0.000
3126109,2,68099,2.937,0.047
3126208,0,7801,0.000,0.000
3126307,1,3479,28.744,0.461
3126406,0,3102,0.000,0.000
3126505,0,8795,0.000,0.000
3126604,0,4472,0.000,0.000
3126703,0,21504,0.000,0.000
3126752,0,5040,0.000,0.000
3126802,0,5617,0.000,0.000
3126901,0,8190,0.000,0.000
3126950,0,3391,0.000,0.000
3127008,0,13668,0.000,0.000
3127057,0,4336,0.000,0.000
3127073,0,4594,0.000,0.000
3127107,1,63663,1.571,0.025
3127206,0,4699,0.000,0.000
3127305,0,6168,0.000,0.000
3127339,0,4782,0.000,0.000
3127354,0,2637,0.000,0.000
3127370,0,2816,0.000,0.000
3127388,0,4064,0.000,0.000
3127404,0,4649,0.000,0.000
3127503,1,5189,19.272,0.309
3127602,0,11398,0.000,0.000
3127701,5,262499,1.905,0.031
3127800,0,13094,0.000,0.000
3127909,0,1392,0.000,0.000
3128006,2,31702,6.309,0.101
3128105,0,13781,0.000,0.000
3128204,0,10487,0.000,0.000
3128253,0,5010,0.000,0.000
3128303,0,19209,0.000,0.000
3128402,1,7487,13.356,0.214
3128501,0,3070,0.000,0.000
3128600,0,6539,0.000,0.000
3128709,0,51015,0.000,0.000
3128808,1,7163,13.961,0.224
3128907,0,8600,0.000,0.000
3129004,0,7708,0.000,0.000
3129103,0,5140,0.000,0.000
3129202,0,6325,0.000,0.000
3129301,0,12012,0.000,0.000
3129400,0,5204,0.000,0.000
3129509,0,24271,0.000,0.000
3129608,0,6314,0.000,0.000
3129657,0,5409,0.000,0.000
3129707,0,10780,0.000,0.000
3129806,2,181943,1.099,0.018
3129905,0,3368,0.000,0.000
3130002,0,2464,0.000,0.000
3130051,0,10682,0.000,0.000
3130101,3,44920,6.679,0.107
3130200,0,11095,0.000,0.000
3130309,0,6749,0.000,0.000
3130408,0,6263,0.000,0.000
3130507,1,12741,7.849,0.126
3130556,0,6992,0.000,0.000
3130606,0,7274,0.000,0.000
3130655,0,6346,0.000,0.000
3130705,0,6104,0.000,0.000
3130804,0,2476,0.000,0.000
3130903,0,22327,0.000,0.000
3131000,0,6213,0.000,0.000
3131109,0,7434,0.000,0.000
3131158,0,16552,0.000,0.000
3131208,0,19209,0.000,0.000
3131307,3,211094,1.421,0.023
3131406,0,3715,0.000,0.000
3131505,0,9104,0.000,0.000
3131604,0,7868,0.000,0.000
3131703,3,110335,2.719,0.044
3131802,0,10112,0.000,0.000
3131901,1,58544,1.708,0.027
3132008,0,3880,0.000,0.000
3132107,0,16355,0.000,0.000
3132206,1,14408,6.941,0.111
3132305,1,10302,9.707,0.156
3132404,2,90776,2.203,0.035
3132503,1,32321,3.094,0.050
3132602,0,3696,0.000,0.000
3132701,0,21080,0.000,0.000
3132800,0,2140,0.000,0.000
3132909,0,10781,0.000,0.000
3133006,0,14569,0.000,0.000
3133105,0,15226,0.000,0.000
3133204,0,11158,0.000,0.000
3133303,0,19025,0.000,0.000
3133402,0,14896,0.000,0.000
3133501,0,21534,0.000,0.000
3133600,0,12305,0.000,0.000
3133709,0,16257,0.000,0.000
3133758,0,14293,0.000,0.000
3133808,1,95967,1.042,0.017
3133907,0,5650,0.000,0.000
3134004,1,12569,7.956,0.128
3134103,0,5804,0.000,0.000
3134202,0,97409,0.000,0.000
3134301,0,6642,0.000,0.000
3134400,1,38172,2.620,0.042
3134509,0,4218,0.000,0.000
3134608,2,19697,10.154,0.163
3134707,1,10793,9.265,0.149
3134806,0,7515,0.000,0.000
3134905,0,25538,0.000,0.000
3135001,0,3106,0.000,0.000
3135050,0,36945,0.000,0.000
3135076,0,4261,0.000,0.000
3135100,2,70001,2.857,0.046
3135209,2,65279,3.064,0.049
3135308,0,4509,0.000,0.000
3135357,0,7861,0.000,0.000
3135407,0,6344,0.000,0.000
3135456,0,6000,0.000,0.000
3135506,1,12693,7.878,0.126
3135605,0,6449,0.000,0.000
3135704,0,5900,0.000,0.000
3135803,1,22262,4.492,0.072
3135902,0,5138,0.000,0.000
3136009,0,12732,0.000,0.000
3136108,0,4333,0.000,0.000
3136207,1,75838,1.319,0.021
3136306,3,47702,6.289,0.101
3136405,0,3778,0.000,0.000
3136504,2,8866,22.558,0.362
3136520,1,3922,25.497,0.409
3136553,0,4267,0.000,0.000
3136579,0,3607,0.000,0.000
3136603,1,5729,17.455,0.280
3136652,0,31409,0.000,0.000
3136702,8,557777,1.434,0.023
3136801,0,3585,0.000,0.000
3136900,0,11000,0.000,0.000
3136959,0,5793,0.000,0.000
3137007,1,13868,7.211,0.116
3137106,0,7106,0.000,0.000
3137205,2,52051,3.842,0.062
3137304,0,3293,0.000,0.000
3137403,0,12611,0.000,0.000
3137502,1,19050,5.249,0.084
3137536,1,9096,10.994,0.176
3137601,2,70678,2.830,0.045
3137700,0,20667,0.000,0.000
3137809,0,20449,0.000,0.000
3137908,0,3184,0.000,0.000
3138005,0,5806,0.000,0.000
3138104,0,7089,0.000,0.000
3138203,1,98602,1.014,0.016
3138302,1,3121,32.041,0.514
3138351,0,4312,0.000,0.000
3138401,1,49020,2.040,0.033
3138500,0,4713,0.000,0.000
3138609,0,17248,0.000,0.000
3138625,0,8582,0.000,0.000
3138658,0,8778,0.000,0.000
3138674,0,6961,0.000,0.000
3138682,0,6158,0.000,0.000
3138708,0,5586,0.000,0.000
3138807,0,17972,0.000,0.000
3138906,0,6440,0.000,0.000
3139003,0,36932,0.000,0.000
3139102,0,5191,0.000,0.000
3139201,0,16905,0.000,0.000
3139250,0,5993,0.000,0.000
3139300,0,18882,0.000,0.000
3139409,3,88787,3.379,0.054
3139508,1,19812,5.047,0.081
3139607,1,26352,3.795,0.061
3139706,0,7300,0.000,0.000
3139805,2,12400,16.129,0.259
3139904,0,14241,0.000,0.000
3140001,1,64890,1.541,0.025
3140100,0,4044,0.000,0.000
3140159,0,15969,0.000,0.000
3140209,0,3383,0.000,0.000
3140308,0,4577,0.000,0.000
3140407,0,3169,0.000,0.000
3140506,0,13979,0.000,0.000
3140530,0,8267,0.000,0.000
3140555,0,10096,0.000,0.000
3140605,0,3845,0.000,0.000
3140704,1,43996,2.273,0.036
3140803,0,14019,0.000,0.000
3140852,0,8879,0.000,0.000
3140902,0,18506,0.000,0.000
3141009,0,12045,0.000,0.000
3141108,0,36927,0.000,0.000
3141207,0,3807,0.000,0.000
3141306,0,3965,0.000,0.000
3141405,1,19199,5.209,0.084
3141504,0,5535,0.000,0.000
3141603,0,9865,0.000,0.000
3141702,0,5043,0.000,0.000
3141801,0,24117,0.000,0.000
3141900,0,3690,0.000,0.000
3142007,0,13286,0.000,0.000
3142106,0,8935,0.000,0.000
3142205,0,13630,0.000,0.000
3142254,0,3984,0.000,0.000
3142304,0,5186,0.000,0.000
3142403,0,8302,0.000,0.000
3142502,0,2154,0.000,0.000
3142601,0,8336,0.000,0.000
3142700,0,14065,0.000,0.000
3142809,1,20004,4.999,0.080
3142908,0,20345,0.000,0.000
3143005,1,13092,7.638,0.123
3143104,2,47267,4.231,0.068
3143153,0,4381,0.000,0.000
3143203,0,20881,0.000,0.000
3143302,4,436970,0.915,0.015
3143401,1,23715,4.217,0.068
3143450,0,6901,0.000,0.000
3143500,0,8988,0.000,0.000
3143609,0,2593,0.000,0.000
3143708,0,2977,0.000,0.000
3143807,0,7618,0.000,0.000
3143906,0,103649,0.000,0.000
3144003,0,27634,0.000,0.000
3144102,0,21935,0.000,0.000
3144201,0,2513,0.000,0.000
3144300,0,34668,0.000,0.000
3144359,1,6331,15.795,0.253
3144375,0,3514,0.000,0.000
3144409,0,4580,0.000,0.000
3144508,0,8192,0.000,0.000
3144607,0,24869,0.000,0.000
3144656,0,9331,0.000,0.000
3144672,0,3049,0.000,0.000
3144706,0,16920,0.000,0.000
3144805,1,117819,0.849,0.014
3144904,0,3614,0.000,0.000
3145000,0,15731,0.000,0.000
3145059,0,6660,0.000,0.000
3145109,0,16545,0.000,0.000
3145208,3,114497,2.620,0.042
3145307,0,26850,0.000,0.000
3145356,0,10086,0.000,0.000
3145372,0,4545,0.000,0.000
3145406,0,1936,0.000,0.000
3145455,0,5340,0.000,0.000
3145505,0,2555,0.000,0.000
3145604,0,39256,0.000,0.000
3145703,0,1996,0.000,0.000
3145802,0,2908,0.000,0.000
3145851,0,4910,0.000,0.000
3145877,0,8451,0.000,0.000
3145901,2,39206,5.101,0.082
3146008,1,32131,3.112,0.050
3146107,1,76069,1.315,0.021
3146206,0,5607,0.000,0.000
3146255,1,5031,19.877,0.319
3146305,0,17163,0.000,0.000
3146404,0,4199,0.000,0.000
3146503,0,7455,0.000,0.000
3146552,0,5568,0.000,0.000
3146602,0,1474,0.000,0.000
3146701,0,5692,0.000,0.000
3146750,0,6307,0.000,0.000
3146909,0,13724,0.000,0.000
3147006,1,94300,1.060,0.017
3147105,4,97507,4.102,0.066
3147204,1,21580,4.634,0.074
3147303,0,20463,0.000,0.000
3147402,0,23776,0.000,0.000
3147501,0,1604,0.000,0.000
3147600,0,15387,0.000,0.000
3147709,0,9204,0.000,0.000
3147808,0,2232,0.000,0.000
3147907,1,110555,0.905,0.015
3147956,0,5917,0.000,0.000
3148004,6,159434,3.763,0.060
3148103,1,91901,1.088,0.017
3148202,0,5579,0.000,0.000
3148301,0,8697,0.000,0.000
3148400,0,4269,0.000,0.000
3148509,0,8044,0.000,0.000
3148608,0,17358,0.000,0.000
3148707,0,24452,0.000,0.000
3148756,0,7320,0.000,0.000
3148806,1,3511,28.482,0.457
3148905,0,3725,0.000,0.000
3149002,0,2752,0.000,0.000
3149101,0,10750,0.000,0.000
3149150,0,10445,0.000,0.000
3149200,0,3359,0.000,0.000
3149309,0,60154,0.000,0.000
3149408,0,1806,0.000,0.000
3149507,0,3351,0.000,0.000
3149606,0,4042,0.000,0.000
3149705,1,12014,8.324,0.134
3149804,2,17999,11.112,0.178
3149903,0,21329,0.000,0.000
3149952,0,6566,0.000,0.000
3150000,0,3537,0.000,0.000
3150109,0,2530,0.000,0.000
3150158,0,8345,0.000,0.000
3150208,0,3941,0.000,0.000
3150307,0,4560,0.000,0.000
3150406,0,5215,0.000,0.000
3150505,0,8210,0.000,0.000
3150539,1,4714,21.213,0.340
3150570,0,6922,0.000,0.000
3150604,0,7451,0.000,0.000
3150703,0,5438,0.000,0.000
3150802,0,15308,0.000,0.000
3150901,0,5848,0.000,0.000
3151008,1,9109,10.978,0.176
3151107,0,11110,0.000,0.000
3151206,0,55876,0.000,0.000
3151305,0,11547,0.000,0.000
3151404,1,26568,3.764,0.060
3151503,0,34834,0.000,0.000
3151602,0,10503,0.000,0.000
3151701,1,15831,6.317,0.101
3151800,2,172869,1.157,0.019
3151909,0,8715,0.000,0.000
3152006,1,30493,3.279,0.053
3152105,2,58779,3.403,0.055
3152131,0,3775,0.000,0.000
3152170,0,10584,0.000,0.000
3152204,0,37321,0.000,0.000
3152303,0,10571,0.000,0.000
3152402,0,13643,0.000,0.000
3152501,4,162028,2.469,0.040
3152600,0,6567,0.000,0.000
3152709,0,8964,0.000,0.000
3152808,1,28678,3.487,0.056
3152907,0,8416,0.000,0.000
3153004,0,3566,0.000,0.000
3153103,0,4845,0.000,0.000
3153202,0,3630,0.000,0.000
3153301,0,3075,0.000,0.000
3153400,0,19471,0.000,0.000
3153509,1,8394,11.913,0.191
3153608,0,12224,0.000,0.000
3153707,0,3150,0.000,0.000
3153806,1,1778,56.243,0.902
3153905,0,16266,0.000,0.000
3154002,0,23387,0.000,0.000
3154101,0,11016,0.000,0.000
3154150,0,7865,0.000,0.000
3154200,0,11004,0.000,0.000
3154309,0,15775,0.000,0.000
3154408,0,4548,0.000,0.000
3154457,1,8197,12.200,0.196
3154507,0,8757,0.000,0.000
3154606,10,327968,3.049,0.049
3154705,0,3953,0.000,0.000
3154804,0,10263,0.000,0.000
3154903,1,12795,7.816,0.125
3155009,0,2121,0.000,0.000
3155108,0,4631,0.000,0.000
3155207,0,5432,0.000,0.000
3155306,0,5527,0.000,0.000
3155405,0,8450,0.000,0.000
3155504,0,14602,0.000,0.000
3155603,0,27708,0.000,0.000
3155702,0,14120,0.000,0.000
3155801,0,17721,0.000,0.000
3155900,0,5040,0.000,0.000
3156007,0,12457,0.000,0.000
3156106,0,4984,0.000,0.000
3156205,0,2292,0.000,0.000
3156304,0,8596,0.000,0.000
3156403,0,3104,0.000,0.000
3156452,0,4736,0.000,0.000
3156502,0,5695,0.000,0.000
3156601,0,10321,0.000,0.000
3156700,3,131294,2.285,0.037
3156809,0,13797,0.000,0.000
3156908,2,25888,7.726,0.124
3157005,1,39969,2.502,0.040
3157104,0,6015,0.000,0.000
3157203,0,29491,0.000,0.000
3157252,0,7990,0.000,0.000
3157278,1,2963,33.750,0.542
3157302,0,4204,0.000,0.000
3157336,0,8074,0.000,0.000
3157377,0,3908,0.000,0.000
3157401,0,4852,0.000,0.000
3157500,0,4272,0.000,0.000
3157609,0,3521,0.000,0.000
3157658,0,5897,0.000,0.000
3157708,0,15786,0.000,0.000
3157807,5,213709,2.340,0.038
3157906,1,16414,6.092,0.098
3158003,0,10133,0.000,0.000
3158102,1,4666,21.432,0.344
3158201,0,12652,0.000,0.000
3158300,0,6561,0.000,0.000
3158409,0,3503,0.000,0.000
3158508,0,7014,0.000,0.000
3158607,0,3732,0.000,0.000
3158706,0,2140,0.000,0.000
3158805,0,4214,0.000,0.000
3158904,0,9010,0.000,0.000
3158953,2,37113,5.389,0.086
3159001,0,5754,0.000,0.000
3159100,0,3469,0.000,0.000
3159209,0,8400,0.000,0.000
3159308,0,4768,0.000,0.000
3159357,0,6214,0.000,0.000
3159407,0,3303,0.000,0.000
3159506,0,5831,0.000,0.000
3159605,1,40719,2.456,0.039
3159704,0,3414,0.000,0.000
3159803,0,20538,0.000,0.000
3159902,1,16723,5.980,0.096
3160009,0,3770,0.000,0.000
3160108,0,4229,0.000,0.000
3160207,0,3846,0.000,0.000
3160306,0,10251,0.000,0.000
3160405,0,28345,0.000,0.000
3160454,0,6621,0.000,0.000
3160504,0,1808,0.000,0.000
3160603,0,2593,0.000,0.000
3160702,2,44140,4.531,0.073
3160801,0,4710,0.000,0.000
3160900,0,3987,0.000,0.000
3160959,0,5621,0.000,0.000
3161007,0,17399,0.000,0.000
3161056,0,3204,0.000,0.000
3161106,1,51321,1.949,0.031
3161205,0,6429,0.000,0.000
3161304,0,5532,0.000,0.000
3161403,0,4796,0.000,0.000
3161502,2,10270,19.474,0.312
3161601,0,3307,0.000,0.000
3161650,0,3104,0.000,0.000
3161700,0,7152,0.000,0.000
3161809,1,11688,8.556,0.137
3161908,0,12466,0.000,0.000
3162005,0,23792,0.000,0.000
3162104,3,41114,7.297,0.117
3162203,0,7455,0.000,0.000
3162252,1,4818,20.756,0.333
3162302,0,2803,0.000,0.000
3162401,0,23840,0.000,0.000
3162450,0,12986,0.000,0.000
3162500,1,93778,1.066,0.017
3162559,0,11245,0.000,0.000
3162575,0,5329,0.000,0.000
3162609,1,7049,14.186,0.228
3162658,0,3884,0.000,0.000
3162708,0,20502,0.000,0.000
3162807,0,14864,0.000,0.000
3162906,0,24970,0.000,0.000
3162922,1,34677,2.884,0.046
3162948,0,7862,0.000,0.000
3162955,0,27125,0.000,0.000
3163003,0,3769,0.000,0.000
3163102,1,4392,22.769,0.365
3163201,0,4125,0.000,0.000
3163300,0,3437,0.000,0.000
3163409,1,5400,18.519,0.297
3163508,1,6098,16.399,0.263
3163607,0,2768,0.000,0.000
3163706,2,44432,4.501,0.072
3163805,0,6219,0.000,0.000
3163904,0,4869,0.000,0.000
3164001,1,7122,14.041,0.225
3164100,1,5108,19.577,0.314
3164209,1,9783,10.222,0.164
3164308,0,6893,0.000,0.000
3164407,0,6390,0.000,0.000
3164431,0,3113,0.000,0.000
3164472,0,6195,0.000,0.000
3164506,1,9918,10.083,0.162
3164605,0,8819,0.000,0.000
3164704,2,70976,2.818,0.045
3164803,0,1231,0.000,0.000
3164902,0,2299,0.000,0.000
3165008,0,11741,0.000,0.000
3165107,0,6745,0.000,0.000
3165206,0,6782,0.000,0.000
3165305,0,6669,0.000,0.000
3165404,0,6288,0.000,0.000
3165503,1,4774,20.947,0.336
3165537,1,36581,2.734,0.044
3165552,1,9797,10.207,0.164
3165560,0,2382,0.000,0.000
3165578,0,6208,0.000,0.000
3165602,0,2237,0.000,0.000
3165701,0,7716,0.000,0.000
3165800,0,2071,0.000,0.000
3165909,0,3926,0.000,0.000
3166006,0,5295,0.000,0.000
3166105,0,3032,0.000,0.000
3166204,0,9925,0.000,0.000
3166303,1,7345,13.615,0.218
3166402,0,1812,0.000,0.000
3166501,0,3906,0.000,0.000
3166600,0,836,0.000,0.000
3166709,0,6847,0.000,0.000
3166808,0,13152,0.000,0.000
3166907,0,7518,0.000,0.000
3166956,1,4398,22.738,0.365
3167004,0,1952,0.000,0.000
3167103,1,21813,4.584,0.074
3167202,3,233398,1.285,0.021
3167301,0,2322,0.000,0.000
3167400,0,6061,0.000,0.000
3167509,0,2913,0.000,0.000
3167608,0,19807,0.000,0.000
3167707,0,4893,0.000,0.000
3167806,0,5602,0.000,0.000
3167905,0,3926,0.000,0.000
3168002,0,33071,0.000,0.000
3168051,0,3390,0.000,0.000
3168101,0,3975,0.000,0.000
3168200,0,1689,0.000,0.000
3168309,0,4135,0.000,0.000
3168408,0,11900,0.000,0.000
3168507,1,12105,8.261,0.133
3168606,4,142030,2.816,0.045
3168705,0,77856,0.000,0.000
3168804,0,7508,0.000,0.000
3168903,1,8152,12.267,0.197
3169000,1,14912,6.706,0.108
3169059,0,4086,0.000,0.000
3169109,0,7190,0.000,0.000
3169208,0,8621,0.000,0.000
3169307,1,75313,1.328,0.021
3169356,0,28320,0.000,0.000
3169406,0,53511,0.000,0.000
3169505,0,5611,0.000,0.000
3169604,0,25500,0.000,0.000
3169703,0,19933,0.000,0.000
3169802,0,4859,0.000,0.000
3169901,4,98705,4.052,0.065
3170008,2,11606,17.232,0.276
3170057,1,12805,7.809,0.125
3170107,3,359090,0.835,0.013
3170206,9,725536,1.240,0.020
3170305,0,2686,0.000,0.000
3170404,1,86867,1.151,0.018
3170438,0,3671,0.000,0.000
3170479,0,3268,0.000,0.000
3170503,0,10480,0.000,0.000
3170529,2,17433,11.472,0.184
3170578,0,6195,0.000,0.000
3170602,0,1984,0.000,0.000
3170651,0,4631,0.000,0.000
3170701,3,137078,2.189,0.035
3170750,1,7023,14.239,0.228
3170800,0,32885,0.000,0.000
3170909,1,18842,5.307,0.085
3171006,0,20771,0.000,0.000
3171030,0,7348,0.000,0.000
3171071,1,5148,19.425,0.312
3171105,0,3289,0.000,0.000
3171154,0,4916,0.000,0.000
3171204,1,137821,0.726,0.012
3171303,0,85119,0.000,0.000
3171402,0,3701,0.000,0.000
3171501,1,2912,34.341,0.551
3171600,0,11513,0.000,0.000
3171709,0,8933,0.000,0.000
3171808,0,10336,0.000,0.000
3171907,0,4848,0.000,0.000
3172004,2,38493,5.196,0.083
3172103,0,4367,0.000,0.000
3172202,0,2279,0.000,0.000
