node_id,municipio,geocodigo,betweenness_centrality,taxa_feminicidio_norm,grau,rank_bc
Diamantina,,3121605,0.18362932,0.00000000,8,1
Curvelo,,3120904,0.14998974,0.01900000,8,2
Formiga,,3126109,0.13523192,0.04700000,7,3
Sacramento,,3156908,0.13402048,0.12400000,10,4
Caratinga,,3113404,0.12710363,0.05500000,15,5
Bocaiúva,,3107307,0.12139936,0.03200000,7,6
Oliveira,,3145604,0.11735370,0.00000000,8,7
Pompéu,,3152006,0.11624097,0.05300000,5,8
Santo Antônio do Monte,,3160405,0.11269527,0.00000000,10,9
Ouro Preto,,3146107,0.11116892,0.02100000,7,10
Martinho Campos,,3140506,0.10330760,0.00000000,5,11
São Gonçalo do Abaeté,,3161700,0.10288857,0.00000000,5,12
Bom Despacho,,3107406,0.10057541,0.03000000,6,13
Serro,,3167103,0.09779022,0.07400000,5,14
Monjolos,,3142502,0.09675928,0.00000000,4,15
Brumadinho,,3109006,0.08953454,0.12500000,11,16
Barbacena,,3105608,0.08858043,0.00000000,10,17
Boa Esperança,,3107109,0.08763880,0.00000000,7,18
Alfenas,,3101607,0.08753813,0.06100000,8,19
Corinto,,3119104,0.08746252,0.00000000,5,20
Conceição do Mato Dentro,,3117504,0.08717808,0.00000000,10,21
Mariana,,3140001,0.08658938,0.02500000,7,22
Pimenta,,3150505,0.08629407,0.00000000,4,23
Três Marias,,3169356,0.08613806,0.00000000,4,24
Guanhães,,3128006,0.08601425,0.10100000,7,25
São João del Rei,,3162500,0.08212498,0.01700000,8,26
Perdizes,,3149804,0.08012625,0.17800000,6,27
Carmo do Rio Claro,,3114402,0.07978442,0.00000000,6,28
Tiros,,3168903,0.07790353,0.19700000,5,29
Congonhas,,3118007,0.07681216,0.02900000,5,30
Santo Hipólito,,3160603,0.07563815,0.00000000,2,31
São Domingos do Prata,,3161007,0.07331502,0.00000000,8,32
Alvinópolis,,3102308,0.07264219,0.00000000,6,33
Resende Costa,,3154200,0.07191866,0.00000000,7,34
Belo Horizonte,,3106200,0.06971171,0.02700000,8,35
Jeceaba,,3135407,0.06875705,0.00000000,6,36
Nazareno,,3144508,0.06774025,0.00000000,6,37
São João Batista do Glória,,3162203,0.06679584,0.00000000,6,38
Santana do Paraíso,,3158953,0.06673045,0.08600000,4,39
Uberaba,,3170107,0.06525437,0.01300000,8,40
Candeias,,3112000,0.06267260,0.00000000,5,41
Santana do Riacho,,3159001,0.06257863,0.00000000,4,42
Grão Mogol,,3127800,0.06242131,0.00000000,8,43
Açucena,,3100500,0.06228217,0.00000000,5,44
Belo Oriente,,3106309,0.06190602,0.00000000,4,45
Campos Gerais,,3111606,0.06179485,0.00000000,5,46
Olhos-d'Água,,3145455,0.06175923,0.00000000,2,47
Sabinópolis,,3156809,0.06094676,0.00000000,3,48
Raul Soares,,3154002,0.06001020,0.00000000,6,49
Itapecerica,,3133501,0.05961271,0.00000000,7,50
Manhuaçu,,3139409,0.05929028,0.05400000,8,51
Piranga,,3150802,0.05919213,0.00000000,9,52
Capelinha,,3112307,0.05904009,0.12200000,7,53
Lassance,,3138104,0.05780594,0.00000000,4,54
Jaboticatubas,,3134608,0.05745073,0.16300000,5,55
Piumhi,,3151503,0.05742884,0.00000000,6,56
Unaí,,3170404,0.05619435,0.01800000,8,57
Delfinópolis,,3121209,0.05573040,0.00000000,3,58
Itacambira,,3132008,0.05510574,0.00000000,4,59
Montes Claros,,3143302,0.05491555,0.01500000,9,60
Juiz de Fora,,3136702,0.05469040,0.02300000,13,61
Fervedouro,,3125952,0.05411406,0.00000000,5,62
São Tiago,,3165008,0.05360306,0.00000000,6,63
Carmo do Paranaíba,,3114303,0.05342618,0.05600000,6,64
Muriaé,,3143906,0.05270818,0.00000000,8,65
Divino,,3122009,0.05267100,0.00000000,5,66
Luisburgo,,3138674,0.05150575,0.00000000,4,67
Serra do Salitre,,3166808,0.05148720,0.00000000,6,68
Inhapim,,3130903,0.05136786,0.00000000,11,69
Conselheiro Pena,,3118403,0.05121707,0.00000000,9,70
Leopoldina,,3138401,0.05099626,0.03300000,9,71
Augusto de Lima,,3104809,0.05023974,0.00000000,3,72
Teófilo Otoni,,3168606,0.05014456,0.04500000,8,73
Carbonita,,3113503,0.04970063,0.18900000,5,74
Coromandel,,3119302,0.04946294,0.00000000,8,75
Bom Sucesso,,3108008,0.04943187,0.00000000,6,76
Itamarandiba,,3132503,0.04909321,0.05000000,8,77
Turmalina,,3169703,0.04862816,0.00000000,6,78
Alterosa,,3102001,0.04862422,0.00000000,5,79
Aguanil,,3100807,0.04854015,0.00000000,3,80
São Francisco de Paula,,3161205,0.04761502,0.00000000,5,81
Miradouro,,3142106,0.04692064,0.00000000,4,82
Santa Luzia,,3157807,0.04593880,0.03800000,6,83
São Roque de Minas,,3164308,0.04525311,0.00000000,6,84
Arinos,,3104502,0.04494219,0.00000000,7,85
Belo Vale,,3106408,0.04451367,0.00000000,6,86
Machado,,3139003,0.04434263,0.00000000,7,87
Carmo da Cachoeira,,3113909,0.04415238,0.00000000,6,88
Ferros,,3125903,0.04366225,0.17400000,7,89
Carrancas,,3114600,0.04272582,0.00000000,5,90
Três Corações,,3169307,0.04257687,0.02100000,7,91
Alpinópolis,,3101904,0.04231403,0.00000000,6,92
Itaguara,,3132206,0.04227133,0.11100000,7,93
Chapada Gaúcha,,3116159,0.04195918,0.13100000,4,94
Francisco Dumont,,3126604,0.04182774,0.00000000,3,95
Entre Rios de Minas,,3123908,0.04181910,0.00000000,7,96
Rio Casca,,3154903,0.04170893,0.12500000,4,97
Governador Valadares,,3127701,0.04139662,0.03100000,9,98
Itutinga,,3134509,0.04109447,0.00000000,3,99
Laranjal,,3138005,0.04002645,0.00000000,5,100
Divinópolis,,3122306,0.03972659,0.02600000,7,101
Alvarenga,,3102209,0.03942998,0.00000000,4,102
Simonésia,,3167608,0.03934470,0.00000000,5,103
Ataléia,,3104700,0.03921688,0.00000000,6,104
Central de Minas,,3115706,0.03897164,0.00000000,5,105
Malacacheta,,3139201,0.03890076,0.00000000,5,106
Cláudio,,3116605,0.03886053,0.00000000,5,107
Carandaí,,3113206,0.03861196,0.00000000,8,108
Esmeraldas,,3124104,0.03789671,0.04700000,11,109
Engenheiro Navarro,,3123809,0.03789269,0.00000000,2,110
Guapé,,3128105,0.03787900,0.00000000,3,111
Januária,,3135209,0.03770062,0.04900000,5,112
Itatiaiuçu,,3133709,0.03765676,0.00000000,6,113
Três Pontas,,3169406,0.03764172,0.00000000,5,114
Itabirito,,3131901,0.03738820,0.02700000,4,115
Dores do Turvo,,3123304,0.03732903,0.00000000,5,116
Araçuaí,,3103405,0.03732754,0.09200000,6,117
Mendes Pimentel,,3141504,0.03714342,0.00000000,4,118
Desterro de Entre Rios,,3121407,0.03701044,0.00000000,5,119
Patrocínio,,3148103,0.03679694,0.01700000,6,120
Paracatu,,3147006,0.03656574,0.01700000,5,121
Pouso Alegre,,3152501,0.03631101,0.04000000,7,122
São João Nepomuceno,,3162906,0.03626648,0.00000000,6,123
Itabirinha,,3131802,0.03626127,0.00000000,5,124
Jaíba,,3135050,0.03588068,0.00000000,7,125
Nova Lima,,3144805,0.03572114,0.01400000,6,126
Presidente Kubitschek,,3153301,0.03568608,0.00000000,3,127
Nepomuceno,,3144607,0.03543789,0.00000000,4,128
São Pedro dos Ferros,,3164001,0.03485766,0.22500000,2,129
Ilicínea,,3130507,0.03401617,0.12600000,3,130
Santos Dumont,,3160702,0.03383774,0.07300000,8,131
Arantina,,3103603,0.03372996,0.00000000,3,132
Ubá,,3169901,0.03300806,0.06500000,7,133
Andrelândia,,3102803,0.03298303,0.00000000,6,134
Campo Belo,,3111200,0.03268124,0.03100000,5,135
Bicas,,3106903,0.03257623,0.00000000,7,136
Carmópolis de Minas,,3114501,0.03206612,0.00000000,4,137
Água Boa,,3100609,0.03192291,0.00000000,4,138
Bom Jardim de Minas,,3107505,0.03184893,0.00000000,4,139
Lima Duarte,,3138609,0.03171436,0.00000000,6,140
Abaeté,,3100203,0.03127424,0.00000000,5,141
Lavras,,3138203,0.03046030,0.01600000,5,142
Buenópolis,,3109204,0.03028326,0.17700000,3,143
Poté,,3152402,0.02995279,0.00000000,3,144
Itacarambi,,3132107,0.02981873,0.00000000,3,145
Berilo,,3106507,0.02916934,0.00000000,5,146
João Pinheiro,,3136306,0.02891082,0.10100000,7,147
Paraopeba,,3147402,0.02874466,0.00000000,4,148
Carmo da Mata,,3114006,0.02870617,0.00000000,4,149
Carmo do Cajuru,,3114204,0.02836000,0.13700000,6,150
Abre Campo,,3100302,0.02834370,0.00000000,5,151
Angelândia,,3102852,0.02815815,0.20800000,3,152
Alto Rio Doce,,3102100,0.02766112,0.00000000,5,153
Ijaci,,3130408,0.02746891,0.00000000,3,154
São Gonçalo do Sapucaí,,3162005,0.02741415,0.00000000,5,155
Ipanema,,3131208,0.02705103,0.00000000,6,156
Uberlândia,,3170206,0.02687012,0.02000000,5,157
Jequeri,,3135506,0.02680582,0.12600000,6,158
Inhaúma,,3131000,0.02662970,0.00000000,4,159
Itamonte,,3133006,0.02629170,0.00000000,3,160
Prata,,3152808,0.02617850,0.05600000,6,161
Itanhandu,,3133105,0.02611831,0.00000000,5,162
Itabira,,3131703,0.02582175,0.04400000,6,163
Ritápolis,,3156106,0.02561903,0.00000000,4,164
Ponte Nova,,3152105,0.02527990,0.05500000,6,165
Padre Carvalho,,3146255,0.02441816,0.31900000,3,166
São José da Barra,,3162948,0.02393810,0.00000000,3,167
Fruta de Leite,,3127073,0.02379352,0.00000000,5,168
Luminárias,,3138708,0.02351538,0.00000000,5,169
Mesquita,,3141702,0.02336583,0.00000000,5,170
Araponga,,3103702,0.02316526,0.00000000,4,171
Conceição do Rio Verde,,3117702,0.02307594,0.00000000,5,172
Liberdade,,3138500,0.02306060,0.00000000,3,173
Campestre,,3111002,0.02293203,0.07400000,6,174
Santa Maria de Itabira,,3158003,0.02260401,0.00000000,5,175
Novo Oriente de Minas,,3145356,0.02260352,0.00000000,5,176
Espírito Santo do Dourado,,3124401,0.02255608,0.00000000,3,177
Senador Modestino Gonçalves,,3165909,0.02248038,0.00000000,6,178
Santa Bárbara do Leste,,3157252,0.02228324,0.00000000,5,179
Carlos Chagas,,3113701,0.02218622,0.00000000,6,180
Conceição do Pará,,3117603,0.02200763,0.30300000,7,181
Cruzília,,3120805,0.02191927,0.00000000,6,182
Estiva,,3124500,0.02161154,0.00000000,6,183
Virgínia,,3171709,0.02153439,0.00000000,7,184
Conselheiro Lafaiete,,3118304,0.02152136,0.00000000,7,185
Desterro do Melo,,3121506,0.02109206,0.00000000,3,186
Guidoval,,3128808,0.02103645,0.22400000,7,187
Nova Era,,3144706,0.02079976,0.00000000,4,188
Cristais,,3120201,0.02073192,0.00000000,3,189
Turvolândia,,3169802,0.02051803,0.00000000,4,190
Oliveira Fortes,,3145703,0.02051285,0.00000000,4,191
Cristiano Otoni,,3120409,0.02042731,0.00000000,6,192
Bocaina de Minas,,3107208,0.02039898,0.00000000,3,193
Careaçu,,3113602,0.02033993,0.00000000,4,194
Jequitinhonha,,3135803,0.02031111,0.07200000,7,195
Divisa Nova,,3122405,0.02023991,0.00000000,4,196
Antônio Carlos,,3102902,0.02006569,0.00000000,4,197
Campanha,,3110905,0.01990703,0.10100000,4,198
Soledade de Minas,,3167806,0.01980699,0.00000000,5,199
Coroaci,,3119203,0.01968743,0.00000000,5,200
Santa Maria do Suaçuí,,3158201,0.01964173,0.00000000,5,201
Pitangui,,3151404,0.01958575,0.06000000,5,202
Datas,,3121001,0.01937677,0.00000000,3,203
Cedro do Abaeté,,3115607,0.01928279,0.00000000,2,204
Caldas,,3110301,0.01897214,0.00000000,4,205
Itinga,,3134004,0.01875293,0.12800000,2,206
Águas Formosas,,3100906,0.01859382,0.08700000,5,207
Alvorada de Minas,,3102407,0.01826364,0.00000000,3,208
Várzea da Palma,,3170800,0.01811911,0.00000000,4,209
Ervália,,3124005,0.01808926,0.00000000,5,210
São João Evangelista,,3162807,0.01801059,0.00000000,5,211
Antônio Dias,,3103009,0.01795218,0.00000000,5,212
Aiuruoca,,3101201,0.01794556,0.00000000,6,213
Sericita,,3166303,0.01782302,0.21800000,3,214
São Sebastião do Maranhão,,3164506,0.01771674,0.16200000,4,215
Urucânia,,3170503,0.01766505,0.00000000,5,216
Vazante,,3171006,0.01756706,0.00000000,4,217
Guarda-Mor,,3128600,0.01751237,0.00000000,3,218
São Sebastião da Bela Vista,,3164407,0.01740068,0.00000000,3,219
Itaobim,,3133303,0.01698309,0.00000000,4,220
Dores de Guanhães,,3123106,0.01668790,0.00000000,5,221
Veríssimo,,3171105,0.01647306,0.00000000,4,222
Jequitibá,,3135704,0.01646117,0.00000000,5,223
Presidente Bernardes,,3153103,0.01634255,0.00000000,5,224
Piedade do Rio Grande,,3150307,0.01626662,0.00000000,4,225
Caraí,,3113008,0.01621077,0.00000000,4,226
Gameleiras,,3127339,0.01616894,0.00000000,4,227
Luz,,3138807,0.01607596,0.00000000,7,228
Porto Firme,,3152303,0.01590385,0.00000000,5,229
Patos de Minas,,3148004,0.01588583,0.06000000,9,230
Lagoa Dourada,,3137403,0.01587328,0.00000000,5,231
Cordisburgo,,3118908,0.01574310,0.00000000,5,232
Baldim,,3105004,0.01528624,0.00000000,3,233
Coluna,,3116803,0.01528299,0.00000000,6,234
Monte Carmelo,,3143104,0.01519901,0.06800000,8,235
Nacip Raydan,,3144201,0.01517391,0.00000000,4,236
Piranguinho,,3151008,0.01510370,0.17600000,5,237
Naque,,3144359,0.01491010,0.25300000,3,238
Joanésia,,3136108,0.01490914,0.00000000,2,239
Nova Ponte,,3145000,0.01488407,0.00000000,6,240
Viçosa,,3171303,0.01485282,0.00000000,5,241
Campina Verde,,3111101,0.01482804,0.00000000,7,242
Passa Tempo,,3147709,0.01473958,0.00000000,5,243
Itajubá,,3132404,0.01467392,0.03500000,5,244
Guaraciaba,,3128204,0.01461927,0.00000000,5,245
Silvianópolis,,3167400,0.01439346,0.00000000,4,246
Virginópolis,,3171808,0.01433520,0.00000000,3,247
Janaúba,,3135100,0.01426440,0.04600000,5,248
Poço Fundo,,3151701,0.01424014,0.10100000,3,249
Almenara,,3101706,0.01420043,0.04000000,6,250
São João da Ponte,,3162401,0.01406986,0.00000000,6,251
Varginha,,3170701,0.01406634,0.03500000,5,252
Bambuí,,3105103,0.01404241,0.00000000,6,253
Francisco Sá,,3126703,0.01403854,0.00000000,5,254
Andradas,,3102605,0.01403750,0.04000000,5,255
Pocrane,,3151909,0.01403067,0.00000000,6,256
Presidente Olegário,,3153400,0.01394827,0.00000000,6,257
Rio Manso,,3155306,0.01379147,0.00000000,4,258
Ouro Fino,,3146008,0.01342033,0.05000000,6,259
Itambacuri,,3132701,0.01339859,0.00000000,5,260
Periquito,,3149952,0.01333732,0.00000000,2,261
Virgem da Lapa,,3171600,0.01319543,0.00000000,3,262
Umburatiba,,3170305,0.01306463,0.00000000,4,263
Francisco Badaró,,3126505,0.01300613,0.00000000,3,264
Sabará,,3156700,0.01290724,0.03700000,6,265
Santo Antônio do Grama,,3160108,0.01269201,0.00000000,3,266
Coqueiral,,3118700,0.01268530,0.00000000,3,267
Dores do Indaiá,,3123205,0.01268129,0.00000000,5,268
Rio Pardo de Minas,,3155603,0.01266814,0.00000000,8,269
Conceição das Alagoas,,3117306,0.01255044,0.12100000,6,270
Ibiraci,,3129707,0.01253286,0.00000000,3,271
Miraí,,3142205,0.01243257,0.00000000,6,272
São João da Mata,,3162302,0.01227937,0.00000000,3,273
Joaíma,,3136009,0.01222649,0.00000000,5,274
Espinosa,,3124302,0.01207344,0.05400000,4,275
Serrania,,3166907,0.01204965,0.00000000,3,276
Santana da Vargem,,3158300,0.01189000,0.00000000,4,277
Águas Vermelhas,,3101003,0.01187947,0.00000000,6,278
Nova Serrana,,3145208,0.01179851,0.04200000,6,279
Bela Vista de Minas,,3106002,0.01169766,0.00000000,5,280
Montezuma,,3143450,0.01160655,0.00000000,5,281
Santo Antônio do Amparo,,3159902,0.01159158,0.09600000,4,282
Seritinga,,3166402,0.01157352,0.00000000,5,283
Baependi,,3104908,0.01147614,0.00000000,4,284
Barra Longa,,3105707,0.01145316,0.00000000,4,285
Coração de Jesus,,3118809,0.01140439,0.12900000,6,286
Botelhos,,3108404,0.01140250,0.00000000,5,287
Setubinha,,3165552,0.01125492,0.16400000,3,288
Pedra Azul,,3148707,0.01117300,0.00000000,6,289
Carmo de Minas,,3114105,0.01112510,0.00000000,6,290
Senador Firmino,,3165701,0.01109824,0.00000000,5,291
Guiricema,,3129004,0.01092519,0.00000000,5,292
Passos,,3147907,0.01071897,0.01500000,5,293
Cambuí,,3110608,0.01069890,0.00000000,7,294
Novo Cruzeiro,,3145307,0.01050090,0.00000000,4,295
Galiléia,,3127305,0.01039016,0.00000000,4,296
Salinas,,3157005,0.01038636,0.04000000,6,297
Contagem,,3118601,0.01032621,0.02600000,5,298
Maria da Fé,,3139904,0.01014154,0.00000000,6,299
Minas Novas,,3141801,0.01010292,0.00000000,3,300
Estrela do Sul,,3124807,0.01002164,0.23900000,5,301
Madre de Deus de Minas,,3139102,0.00999905,0.00000000,3,302
Buritizeiro,,3109402,0.00996357,0.06800000,4,303
Coronel Fabriciano,,3119401,0.00986341,0.00000000,4,304
Joaquim Felício,,3136405,0.00982335,0.00000000,2,305
São João do Paraíso,,3162708,0.00979381,0.00000000,5,306
Lamim,,3137908,0.00976461,0.00000000,5,307
Lagoa dos Patos,,3137304,0.00968674,0.00000000,3,308
Rio Espera,,3155207,0.00964219,0.00000000,4,309
Paula Cândido,,3148301,0.00960058,0.00000000,5,310
Ribeirão das Neves,,3154606,0.00948637,0.04900000,5,311
Brás Pires,,3108701,0.00943226,0.00000000,4,312
Pedras de Maria da Cruz,,3149150,0.00942763,0.00000000,5,313
Piedade dos Gerais,,3150406,0.00938332,0.00000000,6,314
Leandro Ferreira,,3138302,0.00937199,0.51400000,4,315
Ibertioga,,3129400,0.00935867,0.00000000,4,316
São Miguel do Anta,,3163805,0.00934587,0.00000000,5,317
Santa Rita de Caldas,,3159209,0.00920622,0.00000000,4,318
Alpercata,,3101805,0.00914565,0.00000000,3,319
Felixlândia,,3125705,0.00912919,0.00000000,2,320
São Sebastião do Rio Preto,,3164803,0.00903916,0.00000000,5,321
Santana do Jacaré,,3158805,0.00903159,0.00000000,3,322
São Gonçalo do Pará,,3161809,0.00885395,0.13700000,5,323
Pará de Minas,,3147105,0.00877297,0.06600000,6,324
Bertópolis,,3106606,0.00876526,0.00000000,4,325
Jampruca,,3135076,0.00874172,0.00000000,3,326
Alagoa,,3101300,0.00866105,0.00000000,3,327
Rio Novo,,3155405,0.00863225,0.00000000,5,328
Capitólio,,3112802,0.00862825,0.00000000,4,329
Cachoeira de Minas,,3109709,0.00862356,0.00000000,5,330
Carangola,,3113305,0.00862121,0.05200000,6,331
Santa Rita do Itueto,,3159506,0.00861988,0.00000000,5,332
Chapada do Norte,,3116100,0.00840621,0.00000000,4,333
Cássia,,3115102,0.00838944,0.00000000,3,334
Delfim Moreira,,3121100,0.00838431,0.00000000,5,335
São Francisco,,3161106,0.00832965,0.03100000,5,336
Conceição da Barra de Minas,,3115201,0.00831706,0.00000000,3,337
Taquaraçu de Minas,,3168309,0.00827945,0.00000000,5,338
Jequitaí,,3135605,0.00814999,0.00000000,3,339
Poços de Caldas,,3151800,0.00814598,0.01900000,4,340
Itaverava,,3133907,0.00811038,0.00000000,6,341
Veredinha,,3171071,0.00808539,0.31200000,4,342
Engenheiro Caldas,,3123700,0.00801470,0.00000000,5,343
São Vicente de Minas,,3165305,0.00801202,0.00000000,4,344
Cataguases,,3115300,0.00794469,0.04700000,6,345
Itambé do Mato Dentro,,3132800,0.00791226,0.00000000,4,346
Iapu,,3129301,0.00788288,0.00000000,5,347
Bom Jesus da Penha,,3107604,0.00787021,0.00000000,5,348
Claro dos Poções,,3116506,0.00782318,0.00000000,3,349
Peçanha,,3148608,0.00777897,0.00000000,6,350
Santa Rita do Sapucaí,,3159605,0.00775670,0.03900000,5,351
Monte Alegre de Minas,,3142809,0.00772061,0.08000000,6,352
Nova Resende,,3145109,0.00758482,0.00000000,5,353
Astolfo Dutra,,3104601,0.00750645,0.00000000,5,354
Moeda,,3142304,0.00741394,0.00000000,3,355
Rio Pomba,,3155801,0.00731329,0.00000000,5,356
Tabuleiro,,3167905,0.00730012,0.00000000,4,357
Divinésia,,3121902,0.00724661,0.00000000,3,358
Pequeri,,3149507,0.00724518,0.00000000,5,359
Betim,,3106705,0.00723616,0.02600000,7,360
São Tomé das Letras,,3165206,0.00716575,0.00000000,3,361
Cambuquira,,3110707,0.00709842,0.00000000,4,362
Ituiutaba,,3134202,0.00708682,0.00000000,6,363
Tarumirim,,3168408,0.00706297,0.00000000,5,364
Cabo Verde,,3109501,0.00693395,0.00000000,5,365
Pai Pedro,,3146552,0.00688708,0.00000000,5,366
Capela Nova,,3112208,0.00667871,0.00000000,3,367
Santa Rita de Ibitipoca,,3159407,0.00666435,0.00000000,5,368
Capitão Enéas,,3112703,0.00650320,0.00000000,4,369
Frei Inocêncio,,3126901,0.00644775,0.00000000,3,370
Riacho dos Machados,,3154507,0.00644515,0.00000000,2,371
Igaratinga,,3130200,0.00634985,0.00000000,5,372
Coronel Xavier Chaves,,3119708,0.00624148,0.00000000,5,373
Manhumirim,,3139508,0.00616637,0.08100000,4,374
Itaúna,,3133808,0.00615040,0.01700000,5,375
Moema,,3142403,0.00610182,0.00000000,3,376
Palmópolis,,3146750,0.00608201,0.00000000,3,377
Lagoa Santa,,3137601,0.00607643,0.04500000,5,378
Caeté,,3110004,0.00604144,0.08100000,4,379
Franciscópolis,,3126752,0.00602000,0.00000000,2,380
Catuji,,3115458,0.00600363,0.00000000,3,381
São Sebastião do Oeste,,3164605,0.00597015,0.00000000,4,382
Heliodora,,3129202,0.00591284,0.00000000,4,383
Iraí de Minas,,3131604,0.00581628,0.00000000,4,384
Pedra do Indaiá,,3148905,0.00581608,0.00000000,3,385
Porteirinha,,3152204,0.00580704,0.00000000,5,386
Santa Bárbara,,3157203,0.00579659,0.00000000,4,387
São Gonçalo do Rio Abaixo,,3161908,0.00578154,0.00000000,5,388
Ibiá,,3129509,0.00577520,0.00000000,7,389
Cordislândia,,3119005,0.00572758,0.00000000,4,390
Ibiaí,,3129608,0.00569101,0.00000000,3,391
Divinolândia de Minas,,3122207,0.00562048,0.00000000,4,392
Campos Altos,,3111507,0.00560557,0.00000000,7,393
Vargem Bonita,,3170602,0.00559847,0.00000000,4,394
Pedro Leopoldo,,3149309,0.00558721,0.00000000,7,395
Inconfidentes,,3130606,0.00554109,0.00000000,3,396
Marliéria,,3140308,0.00550277,0.00000000,4,397
Oratórios,,3145851,0.00549638,0.00000000,3,398
Catas Altas,,3115359,0.00536506,0.00000000,3,399
Itumirim,,3134301,0.00536431,0.00000000,4,400
Eugenópolis,,3124906,0.00533778,0.14800000,5,401
Divino das Laranjeiras,,3122108,0.00529743,0.00000000,4,402
São Pedro da União,,3163904,0.00528971,0.00000000,6,403
Coronel Murta,,3119500,0.00528505,0.19700000,3,404
Córrego Danta,,3119807,0.00521706,0.00000000,6,405
Varzelândia,,3170909,0.00521508,0.08500000,4,406
Rio Piracicaba,,3155702,0.00521357,0.00000000,4,407
Mercês,,3141603,0.00518967,0.00000000,4,408
Senhora de Oliveira,,3166006,0.00517518,0.00000000,3,409
Medeiros,,3141306,0.00513299,0.00000000,6,410
Rubim,,3156601,0.00507941,0.00000000,4,411
Crisólita,,3120151,0.00505756,0.00000000,5,412
Dionísio,,3121803,0.00505505,0.00000000,3,413
Campanário,,3110806,0.00500595,0.00000000,3,414
Lambari,,3137809,0.00500050,0.00000000,3,415
Leme do Prado,,3138351,0.00499961,0.00000000,2,416
Lagamar,,3137106,0.00497367,0.00000000,5,417
Bonfim,,3108107,0.00497231,0.21800000,5,418
São Gotardo,,3162104,0.00495959,0.11700000,5,419
Brazópolis,,3108909,0.00492087,0.00000000,3,420
Borda da Mata,,3108305,0.00486239,0.00000000,6,421
Serranos,,3167004,0.00485896,0.00000000,4,422
Paraisópolis,,3147303,0.00482297,0.00000000,6,423
São João das Missões,,3162450,0.00482170,0.00000000,3,424
Santa Bárbara do Tugúrio,,3157302,0.00470937,0.00000000,3,425
Rubelita,,3156502,0.00468985,0.00000000,3,426
Paineiras,,3146404,0.00468932,0.00000000,2,427
Iturama,,3134400,0.00467323,0.04200000,4,428
Monte Azul,,3142908,0.00467244,0.00000000,7,429
Jacuí,,3134806,0.00466939,0.00000000,5,430
Ibirité,,3129806,0.00466880,0.01800000,5,431
Iguatama,,3130309,0.00464187,0.00000000,5,432
Santa Cruz de Salinas,,3157377,0.00460447,0.00000000,4,433
Sardoá,,3165503,0.00457307,0.33600000,3,434
Cônego Marinho,,3117836,0.00452383,0.00000000,3,435
Conceição de Ipanema,,3117405,0.00449527,0.36700000,4,436
Sete Lagoas,,3167202,0.00448291,0.02100000,7,437
Barão de Cocais,,3105400,0.00446182,0.00000000,4,438
Camanducaia,,3110509,0.00445546,0.00000000,7,439
Divisa Alegre,,3122355,0.00444028,0.00000000,2,440
Cachoeira de Pajeú,,3102704,0.00444028,0.53400000,2,441
São Sebastião do Paraíso,,3164704,0.00443630,0.04500000,6,442
Senhora dos Remédios,,3166204,0.00439877,0.00000000,4,443
Jacinto,,3134707,0.00436770,0.14900000,4,444
Santa Fé de Minas,,3157609,0.00430053,0.00000000,4,445
Quartel Geral,,3153707,0.00427875,0.00000000,2,446
Monte Belo,,3143005,0.00426845,0.12300000,4,447
Carmésia,,3113800,0.00426772,0.00000000,3,448
Dom Joaquim,,3122603,0.00426666,0.00000000,3,449
Piau,,3150109,0.00419630,0.00000000,4,450
Visconde do Rio Branco,,3172004,0.00418518,0.08300000,4,451
Bom Jesus do Galho,,3107802,0.00410986,0.10900000,6,452
Fortaleza de Minas,,3126307,0.00406719,0.46100000,4,453
Santana dos Montes,,3159100,0.00405754,0.00000000,4,454
Florestal,,3126000,0.00405625,0.00000000,4,455
Além Paraíba,,3101508,0.00398068,0.05200000,4,456
Espera Feliz,,3124203,0.00397376,0.00000000,4,457
Bueno Brandão,,3109105,0.00392087,0.00000000,4,458
Matutina,,3141207,0.00387609,0.00000000,2,459
Gouveia,,3127602,0.00385950,0.00000000,3,460
Pirapora,,3151206,0.00377527,0.00000000,2,461
Patis,,3147956,0.00376139,0.00000000,4,462
Areado,,3104304,0.00370254,0.00000000,4,463
Rio Paranaíba,,3155504,0.00367642,0.00000000,5,464
São Bento Abade,,3160801,0.00367193,0.00000000,3,465
São José da Varginha,,3163102,0.00367172,0.36500000,3,466
Cristina,,3120508,0.00363382,0.00000000,5,467
Bom Jesus do Amparo,,3107703,0.00360245,0.00000000,4,468
São Pedro do Suaçuí,,3164100,0.00358333,0.31400000,5,469
Taiobeiras,,3168002,0.00357765,0.00000000,5,470
Teixeiras,,3168507,0.00350796,0.13300000,4,471
Reduto,,3154150,0.00349716,0.00000000,3,472
Vespasiano,,3171204,0.00347135,0.01200000,6,473
Senhora do Porto,,3166105,0.00347018,0.00000000,3,474
Mathias Lobato,,3171501,0.00344966,0.55100000,2,475
Brasília de Minas,,3108602,0.00339955,0.00000000,5,476
José Gonçalves de Minas,,3136520,0.00338302,0.40900000,3,477
Muzambinho,,3144102,0.00332537,0.00000000,4,478
Medina,,3141405,0.00332525,0.08400000,4,479
Matipó,,3140902,0.00331684,0.00000000,5,480
Cascalho Rico,,3115003,0.00331667,0.00000000,2,481
Igarapé,,3130101,0.00327902,0.10700000,5,482
Pedralva,,3149101,0.00327886,0.00000000,4,483
Ibiracatu,,3129657,0.00320304,0.00000000,4,484
Pratápolis,,3152907,0.00318270,0.00000000,5,485
Campo Florido,,3111408,0.00317097,0.00000000,5,486
Frutal,,3127107,0.00315040,0.02500000,5,487
Sobrália,,3167707,0.00310870,0.00000000,2,488
Lagoa da Prata,,3137205,0.00303073,0.06200000,3,489
Pingo-d'Água,,3150539,0.00302166,0.34000000,3,490
Silveirânia,,3167301,0.00300809,0.00000000,2,491
Nova União,,3136603,0.00297980,0.28000000,3,492
Perdões,,3149903,0.00296751,0.00000000,4,493
São Sebastião da Vargem Alegre,,3164431,0.00296569,0.00000000,4,494
Dom Silvério,,3122702,0.00296235,0.00000000,4,495
Piracema,,3150604,0.00295236,0.00000000,4,496
Ouro Branco,,3145901,0.00294555,0.08200000,4,497
Minduri,,3141900,0.00287314,0.00000000,4,498
Capetinga,,3112406,0.00282837,0.00000000,4,499
Caxambu,,3115508,0.00282490,0.00000000,2,500
Pouso Alto,,3152600,0.00282476,0.00000000,4,501
Papagaios,,3146909,0.00282127,0.00000000,3,502
Gonzaga,,3127503,0.00279463,0.30900000,3,503
Itamarati de Minas,,3132602,0.00278477,0.00000000,3,504
Japonvar,,3135357,0.00278457,0.00000000,4,505
Maripá de Minas,,3140209,0.00278167,0.00000000,6,506
Santo Antônio do Retiro,,3160454,0.00277417,0.00000000,4,507
Mar de Espanha,,3139805,0.00276156,0.25900000,5,508
Pains,,3146503,0.00274603,0.00000000,5,509
Luislândia,,3138682,0.00273903,0.00000000,3,510
Bonfinópolis de Minas,,3108206,0.00268885,0.00000000,6,511
Pirajuba,,3150703,0.00268032,0.00000000,4,512
Crucilândia,,3120607,0.00266379,0.00000000,4,513
Durandé,,3123528,0.00266093,0.00000000,4,514
Planura,,3151602,0.00265724,0.00000000,3,515
Piraúba,,3151305,0.00264149,0.00000000,4,516
Natércia,,3144409,0.00262295,0.00000000,2,517
Santana do Manhuaçu,,3158904,0.00260405,0.00000000,3,518
Lontra,,3138658,0.00256528,0.00000000,4,519
Conceição da Aparecida,,3117108,0.00254632,0.00000000,3,520
São Sebastião do Rio Verde,,3164902,0.00253638,0.00000000,6,521
Canaã,,3111705,0.00253110,0.00000000,4,522
Frei Gaspar,,3126802,0.00249316,0.00000000,4,523
Santa Juliana,,3157708,0.00249068,0.00000000,4,524
Prados,,3152709,0.00246698,0.00000000,5,525
São João da Lagoa,,3162252,0.00246246,0.33300000,3,526
Itapeva,,3133600,0.00243645,0.00000000,6,527
Araguari,,3103504,0.00241903,0.01300000,4,528
Presidente Juscelino,,3153202,0.00239965,0.00000000,3,529
Juruaia,,3136900,0.00238931,0.00000000,4,530
Serra da Saudade,,3166600,0.00237680,0.00000000,3,531
Aimorés,,3101102,0.00236942,0.00000000,4,532
Canápolis,,3111804,0.00236493,0.00000000,4,533
Volta Grande,,3172103,0.00234999,0.00000000,3,534
Nanuque,,3144300,0.00234742,0.00000000,3,535
Biquinhas,,3107000,0.00234742,0.00000000,2,536
Santa Bárbara do Monte Verde,,3157278,0.00234742,0.54200000,2,537
Santa Rita de Jacutinga,,3159308,0.00234742,0.00000000,2,538
Gurinhatã,,3129103,0.00234558,0.00000000,3,539
Recreio,,3154101,0.00233381,0.00000000,2,540
Montalvânia,,3142700,0.00232995,0.00000000,3,541
Bandeira,,3105202,0.00231421,0.00000000,4,542
Divisópolis,,3122454,0.00230868,0.00000000,4,543
Campo Azul,,3111150,0.00227993,0.44400000,4,544
Ipuiúna,,3131505,0.00227917,0.00000000,3,545
Elói Mendes,,3123601,0.00227710,0.06100000,4,546
Faria Lemos,,3125309,0.00227207,1.00000000,2,547
Mário Campos,,3140159,0.00226077,0.00000000,3,548
Arcos,,3104205,0.00225752,0.03900000,5,549
Rio Vermelho,,3156007,0.00223719,0.00000000,5,550
Vieiras,,3171402,0.00221352,0.00000000,3,551
Tapira,,3168101,0.00218409,0.00000000,5,552
Padre Paraíso,,3146305,0.00213738,0.00000000,2,553
Tombos,,3169208,0.00213519,0.00000000,3,554
Itanhomi,,3133204,0.00211553,0.00000000,5,555
Argirita,,3104403,0.00211242,0.00000000,3,556
Chiador,,3116209,0.00208814,0.00000000,3,557
Taparuba,,3168051,0.00208563,0.00000000,3,558
Martins Soares,,3140530,0.00205082,0.00000000,3,559
Consolação,,3118502,0.00203738,0.00000000,4,560
São José do Jacuri,,3163508,0.00200857,0.26300000,4,561
Imbé de Minas,,3130556,0.00199954,0.00000000,6,562
Dom Viçoso,,3122801,0.00195077,0.00000000,5,563
Fronteira dos Vales,,3127057,0.00194488,0.00000000,5,564
São Joaquim de Bicas,,3162922,0.00193316,0.04600000,3,565
Queluzito,,3153806,0.00193161,0.90200000,5,566
Pedra do Anta,,3148806,0.00193044,0.45700000,4,567
Urucuia,,3170529,0.00188355,0.18400000,4,568
Caparaó,,3112109,0.00186635,0.00000000,3,569
Alto Jequitibá,,3153509,0.00186401,0.19100000,3,570
Ubaí,,3170008,0.00181526,0.27600000,4,571
Tocantins,,3169000,0.00178931,0.10800000,3,572
Santo Antônio do Itambé,,3160207,0.00176889,0.00000000,2,573
Mirabela,,3142007,0.00172296,0.00000000,3,574
Ponto Chique,,3152131,0.00171991,0.00000000,3,575
Tupaciguara,,3169604,0.00171151,0.00000000,4,576
Guaranésia,,3128303,0.00170214,0.00000000,4,577
Bom Repouso,,3107901,0.00167692,0.00000000,5,578
Santo Antônio do Jacinto,,3160306,0.00167054,0.00000000,3,579
São Félix de Minas,,3161056,0.00166749,0.00000000,3,580
Paraguaçu,,3147204,0.00166177,0.07400000,4,581
Aracitaba,,3103306,0.00165016,0.00000000,4,582
Machacalis,,3138906,0.00163721,0.00000000,5,583
Mutum,,3144003,0.00162452,0.00000000,3,584
Braúnas,,3108800,0.00158227,0.00000000,3,585
Estrela do Indaiá,,3124708,0.00154893,0.00000000,5,586
Inimutaba,,3131109,0.00154311,0.00000000,2,587
Conceição dos Ouros,,3117801,0.00153702,0.00000000,3,588
Coimbra,,3116704,0.00149144,0.00000000,3,589
Jenipapo de Minas,,3135456,0.00147653,0.00000000,2,590
Santana do Deserto,,3158607,0.00146749,0.00000000,4,591
São João do Manhuaçu,,3162559,0.00146600,0.00000000,4,592
Cajuri,,3110202,0.00145304,0.00000000,3,593
São José do Alegre,,3163201,0.00142596,0.00000000,3,594
São José do Divino,,3163300,0.00141695,0.00000000,4,595
Monte Santo de Minas,,3143203,0.00140347,0.00000000,4,596
Materlândia,,3140605,0.00138940,0.00000000,3,597
São Brás do Suaçuí,,3160900,0.00138792,0.00000000,4,598
Tapiraí,,3168200,0.00138477,0.00000000,5,599
Araçaí,,3103207,0.00134811,0.00000000,3,600
Maravilhas,,3139706,0.00132861,0.00000000,2,601
Tumiritinga,,3169505,0.00129480,0.00000000,4,602
Guaxupé,,3128709,0.00127151,0.00000000,4,603
Fortuna de Minas,,3126406,0.00126131,0.00000000,3,604
Pequi,,3149606,0.00125971,0.00000000,3,605
Santo Antônio do Aventureiro,,3160009,0.00125890,0.00000000,4,606
Monsenhor Paulo,,3142601,0.00124357,0.00000000,4,607
Onça de Pitangui,,3145802,0.00124253,0.00000000,3,608
Funilândia,,3127206,0.00123983,0.00000000,3,609
Pescador,,3150000,0.00123520,0.00000000,3,610
São Romão,,3164209,0.00122124,0.16400000,3,611
Santa Maria do Salto,,3158102,0.00121170,0.34400000,3,612
Timóteo,,3168705,0.00120289,0.00000000,4,613
Santana de Pirapama,,3158508,0.00119895,0.00000000,3,614
Piedade de Ponte Nova,,3150208,0.00118701,0.00000000,2,615
Cipotânea,,3116308,0.00118600,0.00000000,2,616
Caputira,,3112901,0.00117725,0.00000000,3,617
Guimarânia,,3128907,0.00116074,0.00000000,4,618
Jordânia,,3136504,0.00113995,0.36200000,3,619
Ponto dos Volantes,,3152170,0.00113811,0.00000000,4,620
São Francisco do Glória,,3161403,0.00111854,0.00000000,3,621
Munhoz,,3143807,0.00110787,0.00000000,4,622
Tiradentes,,3168804,0.00109637,0.00000000,4,623
José Raydan,,3136553,0.00108170,0.00000000,2,624
Lajinha,,3137700,0.00106758,0.00000000,3,625
Conceição das Pedras,,3117207,0.00106656,0.00000000,2,626
São João do Manteninha,,3162575,0.00105950,0.00000000,2,627
Brasilândia de Minas,,3108552,0.00105426,0.21800000,3,628
Conquista,,3118205,0.00104825,0.00000000,3,629
Mateus Leme,,3140704,0.00102189,0.03600000,4,630
Ipaba,,3131158,0.00099335,0.00000000,2,631
Felisburgo,,3125606,0.00098627,0.00000000,4,632
Cana Verde,,3111903,0.00097451,0.00000000,2,633
Congonhal,,3117900,0.00096258,0.00000000,4,634
Descoberto,,3121308,0.00094229,0.00000000,4,635
Orizânia,,3145877,0.00094156,0.00000000,3,636
Pedra Bonita,,3148756,0.00092537,0.00000000,3,637
Bias Fortes,,3106804,0.00091301,0.00000000,4,638
Pintópolis,,3150570,0.00091039,0.00000000,2,639
São Lourenço,,3163706,0.00088788,0.07200000,4,640
Araújos,,3103900,0.00088327,0.00000000,4,641
Ressaquinha,,3154408,0.00087560,0.00000000,4,642
Couto de Magalhães de Minas,,3120102,0.00086906,0.00000000,3,643
Santa Margarida,,3157906,0.00085709,0.09800000,4,644
Belmiro Braga,,3106101,0.00083546,0.00000000,2,645
Matias Barbosa,,3140803,0.00083546,0.00000000,2,646
Juatuba,,3136652,0.00080440,0.00000000,4,647
Coronel Pacheco,,3119609,0.00080286,0.00000000,3,648
Perdigão,,3149705,0.00079505,0.13400000,4,649
Buritis,,3109303,0.00078273,0.00000000,3,650
Manga,,3139300,0.00078220,0.00000000,4,651
Comendador Gomes,,3116902,0.00077503,0.00000000,3,652
Camacho,,3110400,0.00076659,0.00000000,3,653
Itaú de Minas,,3133758,0.00076063,0.00000000,2,654
Ingaí,,3130804,0.00075871,0.00000000,3,655
Jesuânia,,3135902,0.00075814,0.00000000,2,656
Jaguaraçu,,3135001,0.00075474,0.00000000,3,657
Albertina,,3101409,0.00075414,0.00000000,2,658
Mato Verde,,3141009,0.00074225,0.00000000,4,659
Ipatinga,,3131307,0.00073193,0.02300000,3,660
Natalândia,,3144375,0.00072279,0.00000000,3,661
Vargem Grande do Rio Pardo,,3170651,0.00069174,0.00000000,4,662
Santa Rosa da Serra,,3159704,0.00068406,0.00000000,4,663
Ribeirão Vermelho,,3154705,0.00066768,0.00000000,2,664
Caetanópolis,,3109907,0.00064857,0.00000000,2,665
Catas Altas da Noruega,,3115409,0.00062964,0.00000000,4,666
Indianópolis,,3130705,0.00062748,0.00000000,2,667
Guarani,,3128402,0.00062655,0.21400000,3,668
Cruzeiro da Fortaleza,,3120706,0.00061790,0.00000000,3,669
Indaiabira,,3130655,0.00061318,0.00000000,3,670
Vermelho Novo,,3171154,0.00060369,0.00000000,2,671
Santa Cruz do Escalvado,,3157401,0.00059859,0.00000000,3,672
Rio Doce,,3155009,0.00059638,0.00000000,2,673
Casa Grande,,3114907,0.00056688,0.00000000,4,674
Matozinhos,,3141108,0.00055389,0.00000000,4,675
São Geraldo,,3161502,0.00054237,0.31200000,2,676
Morro do Pilar,,3143708,0.00052046,0.00000000,3,677
Riachinho,,3154457,0.00052011,0.19600000,5,678
Resplendor,,3154309,0.00050142,0.00000000,4,679
Itaipé,,3132305,0.00049805,0.15600000,2,680
Japaraíba,,3135308,0.00049683,0.00000000,3,681
Pavão,,3148509,0.00047914,0.00000000,4,682
Barão de Monte Alto,,3105509,0.00047705,0.00000000,3,683
Icaraí de Minas,,3130051,0.00046676,0.00000000,2,684
Senador Amaral,,3165578,0.00046603,0.00000000,5,685
Felício dos Santos,,3125408,0.00045973,0.00000000,3,686
Mantena,,3139607,0.00043817,0.06100000,2,687
Barroso,,3105905,0.00042199,0.00000000,3,688
Chalé,,3116001,0.00040811,0.00000000,3,689
Uruana de Minas,,3170479,0.00039957,0.00000000,3,690
Araxá,,3104007,0.00037705,0.02800000,4,691
Serra Azul de Minas,,3166501,0.00036279,0.00000000,2,692
Santana de Cataguases,,3158409,0.00034821,0.00000000,4,693
Itamogi,,3132909,0.00034635,0.00000000,2,694
Wenceslau Braz,,3172202,0.00033892,0.00000000,3,695
Capim Branco,,3112505,0.00032454,0.00000000,4,696
Ladainha,,3137007,0.00031132,0.11600000,2,697
Gonçalves,,3127404,0.00031123,0.00000000,3,698
Lagoa Grande,,3137536,0.00030691,0.17600000,4,699
Cachoeira da Prata,,3109600,0.00029828,0.00000000,2,700
Dores de Campos,,3123007,0.00028890,0.00000000,3,701
Virgolândia,,3171907,0.00027309,0.00000000,3,702
Cantagalo,,3112059,0.00026936,0.00000000,3,703
Rosário da Limeira,,3156452,0.00025177,0.00000000,2,704
Olímpio Noronha,,3145505,0.00024190,0.00000000,3,705
Goianá,,3127388,0.00023158,0.00000000,2,706
Dom Cavati,,3122504,0.00023092,0.00000000,3,707
Formoso,,3126208,0.00022939,0.00000000,3,708
Tocos do Moji,,3169059,0.00022579,0.00000000,3,709
Paiva,,3146602,0.00021708,0.00000000,3,710
Nova Módica,,3144904,0.00021015,0.00000000,3,711
Palma,,3146701,0.00020346,0.00000000,2,712
Santa Efigênia de Minas,,3157500,0.00019546,0.00000000,2,713
Santa Helena de Minas,,3157658,0.00018545,0.00000000,4,714
São José da Lapa,,3162955,0.00017424,0.00000000,3,715
Juramento,,3136801,0.00017022,0.00000000,3,716
Confins,,3117876,0.00016763,0.00000000,3,717
Acaiaca,,3100401,0.00016571,0.00000000,4,718
Itapagipe,,3133402,0.00015325,0.00000000,4,719
João Monlevade,,3136207,0.00013643,0.02100000,3,720
Diogo de Vasconcelos,,3121704,0.00012830,0.00000000,4,721
Extrema,,3125101,0.00012623,0.00000000,3,722
Doresópolis,,3123403,0.00011834,0.00000000,2,723
São José do Mantimento,,3163607,0.00011679,0.00000000,3,724
Nova Porteirinha,,3145059,0.00011203,0.00000000,2,725
Passabém,,3147501,0.00010721,0.00000000,4,726
Prudente de Morais,,3153608,0.00010011,0.00000000,4,727
Pratinha,,3153004,0.00009159,0.00000000,4,728
Ubaporanga,,3170057,0.00009109,0.12500000,4,729
Jacutinga,,3134905,0.00008787,0.00000000,3,730
Paulistas,,3148400,0.00005710,0.00000000,3,731
Berizal,,3106655,0.00005294,0.00000000,2,732
Rio do Prado,,3155108,0.00005117,0.00000000,3,733
Pedro Teixeira,,3149408,0.00004824,0.00000000,3,734
Ouro Verde de Minas,,3146206,0.00004767,0.00000000,2,735
Glaucilândia,,3127354,0.00004359,0.00000000,2,736
Araporã,,3103751,0.00004056,0.18800000,3,737
Santo Antônio do Rio Abaixo,,3160504,0.00003286,0.00000000,3,738
Toledo,,3169109,0.00003163,0.00000000,3,739
Simão Pereira,,3167509,0.00003080,0.00000000,3,740
Verdelândia,,3171030,0.00002996,0.00000000,3,741
Capinópolis,,3112604,0.00002442,0.00000000,2,742
Senador Cortes,,3165602,0.00002263,0.00000000,3,743
Monte Formoso,,3143153,0.00001919,0.00000000,3,744
Bugre,,3109253,0.00001630,0.00000000,2,745
Itueta,,3134103,0.00001611,0.00000000,3,746
Bandeira do Sul,,3105301,0.00001509,0.53800000,3,747
Dona Euzébia,,3122900,0.00001448,0.00000000,2,748
Patrocínio do Muriaé,,3148202,0.00001246,0.00000000,3,749
Santa Vitória,,3159803,0.00001195,0.00000000,2,750
Amparo do Serra,,3102506,0.00001115,0.00000000,2,751
Estrela Dalva,,3124609,0.00001085,0.00000000,2,752
Córrego do Bom Jesus,,3119906,0.00000939,0.00000000,4,753
Limeira do Oeste,,3138625,0.00000828,0.00000000,3,754
Senador José Bento,,3165800,0.00000791,0.00000000,3,755
Centralina,,3115805,0.00000708,0.00000000,3,756
Cachoeira Dourada,,3109808,0.00000547,0.00000000,2,757
Guarará,,3128501,0.00000377,0.00000000,3,758
São Gonçalo do Rio Preto,,3125507,0.00000368,0.00000000,3,759
Pedra Dourada,,3149002,0.00000368,0.00000000,2,760
São João do Oriente,,3162609,0.00000368,0.22800000,2,761
Ibitiúra de Minas,,3129905,0.00000322,0.00000000,2,762
Salto da Divisa,,3157104,0.00000299,0.00000000,2,763
Pirapetinga,,3151107,0.00000276,0.00000000,2,764
São Geraldo do Baixio,,3161650,0.00000253,0.00000000,2,765
Cuparaque,,3120839,0.00000230,0.00000000,3,766
Romaria,,3156403,0.00000184,0.00000000,3,767
Sarzedo,,3165537,0.00000092,0.04400000,3,768
Córrego Fundo,,3119955,0.00000000,0.00000000,3,769
Córrego Novo,,3120003,0.00000000,0.00000000,2,770
Cristália,,3120300,0.00000000,0.00000000,2,771
Alfredo Vasconcelos,,3101631,0.00000000,0.00000000,2,772
Arapuá,,3103801,0.00000000,0.00000000,2,773
São José do Goiabal,,3163409,0.00000000,0.29700000,2,774
São José da Safira,,3163003,0.00000000,0.00000000,1,775
Arceburgo,,3104106,0.00000000,0.00000000,2,776
União de Minas,,3170438,0.00000000,0.00000000,2,777
Vargem Alegre,,3170578,0.00000000,0.00000000,3,778
São João do Pacuí,,3162658,0.00000000,0.00000000,1,779
Abadia dos Dourados,,3100104,0.00000000,0.00000000,2,780
Piranguçu,,3150901,0.00000000,0.00000000,2,781
Marmelópolis,,3140407,0.00000000,0.00000000,2,782
Nova Belém,,3144672,0.00000000,0.00000000,1,783
Mata Verde,,3140555,0.00000000,0.00000000,2,784
Ninheira,,3144656,0.00000000,0.00000000,2,785
Morro da Garça,,3143609,0.00000000,0.00000000,2,786
Morada Nova de Minas,,3143500,0.00000000,0.00000000,1,787
Monte Sião,,3143401,0.00000000,0.06800000,2,788
Sem-Peixe,,3165560,0.00000000,0.00000000,2,789
Claraval,,3116407,0.00000000,0.00000000,1,790
Comercinho,,3117009,0.00000000,0.00000000,1,791
Passa Vinte,,3147808,0.00000000,0.00000000,1,792
Passa Quatro,,3147600,0.00000000,0.00000000,2,793
Congonhas do Norte,,3118106,0.00000000,0.00000000,1,794
Carneirinho,,3114550,0.00000000,0.00000000,2,795
Delta,,3121258,0.00000000,0.00000000,2,796
Curral de Dentro,,3120870,0.00000000,0.00000000,2,797
Campo do Meio,,3111309,0.00000000,0.14200000,2,798
Matias Cardoso,,3140852,0.00000000,0.00000000,2,799
Santa Cruz de Minas,,3157336,0.00000000,0.00000000,2,800
Lagoa Formosa,,3137502,0.00000000,0.08400000,2,801
Juvenília,,3136959,0.00000000,0.00000000,2,802
Água Comprida,,3100708,0.00000000,0.00000000,2,803
Serranópolis de Minas,,3166956,0.00000000,0.36500000,1,804
Serra dos Aimorés,,3166709,0.00000000,0.00000000,1,805
Aricanduva,,3104452,0.00000000,0.00000000,2,806
Caiana,,3110103,0.00000000,0.00000000,2,807
Cabeceira Grande,,3109451,0.00000000,0.00000000,1,808
Botumirim,,3108503,0.00000000,0.00000000,2,809
Bonito de Minas,,3108255,0.00000000,0.00000000,2,810
Caranaíba,,3113107,0.00000000,0.00000000,2,811
Varjão de Minas,,3170750,0.00000000,0.22800000,2,812
Olaria,,3145406,0.00000000,0.00000000,2,813
Novorizonte,,3145372,0.00000000,0.00000000,3,814
Piedade de Caratinga,,3150158,0.00000000,0.00000000,3,815
Pedrinópolis,,3149200,0.00000000,0.00000000,1,816
Alto Caparaó,,3102050,0.00000000,0.00000000,2,817
São Tomás de Aquino,,3165107,0.00000000,0.00000000,2,818
São Sebastião do Anta,,3164472,0.00000000,0.00000000,3,819
Chácara,,3115904,0.00000000,0.00000000,2,820
Catuti,,3115474,0.00000000,0.00000000,3,821
Carvalhos,,3114808,0.00000000,0.00000000,1,822
Carvalhópolis,,3114709,0.00000000,0.00000000,2,823
Sapucaí-Mirim,,3165404,0.00000000,0.00000000,2,824
Antônio Prado de Minas,,3103108,0.00000000,0.00000000,1,825
Capitão Andrade,,3112653,0.00000000,0.00000000,2,826
Entre Folhas,,3123858,0.00000000,0.00000000,3,827
Douradoquara,,3123502,0.00000000,0.00000000,1,828
Dom Bosco,,3122470,0.00000000,0.00000000,2,829
Fronteira,,3127008,0.00000000,0.00000000,1,830
Frei Lagonegro,,3126950,0.00000000,0.00000000,2,831
Josenópolis,,3136579,0.00000000,0.00000000,2,832
Rodeiro,,3156304,0.00000000,0.00000000,2,833
Rochedo de Minas,,3156205,0.00000000,0.00000000,3,834
Rio Preto,,3155900,0.00000000,0.00000000,1,835
Rio Acima,,3154804,0.00000000,0.00000000,2,836
Raposos,,3153905,0.00000000,0.00000000,2,837
Marilac,,3140100,0.00000000,0.00000000,2,838
Santana do Garambéu,,3158706,0.00000000,0.00000000,2,839
Miravânia,,3142254,0.00000000,0.00000000,2,840
Fernandes Tourinho,,3125804,0.00000000,0.00000000,1,841
Fama,,3125200,0.00000000,0.00000000,2,842
Ewbank da Câmara,,3125002,0.00000000,0.00000000,2,843
São Geraldo da Piedade,,3161601,0.00000000,0.00000000,1,844
São Francisco de Sales,,3161304,0.00000000,0.00000000,2,845
São Domingos das Dores,,3160959,0.00000000,0.00000000,3,846
Santa Rita de Minas,,3159357,0.00000000,0.00000000,2,847
Guaraciama,,3128253,0.00000000,0.00000000,2,848
Grupiara,,3127909,0.00000000,0.00000000,2,849
Goiabeira,,3127370,0.00000000,0.00000000,2,850
Ipiaçu,,3131406,0.00000000,0.00000000,1,851
Ibituruna,,3130002,0.00000000,0.00000000,2,852
Mamonas,,3139250,0.00000000,0.00000000,1,853
